Delegator Address,Validator Address,Staked Amount
0x91b74d32f18ef73caea354aae295c7c5b479a39d,0x829dbdfeb7b74bb1e2625ee8c0f8d5413b320c53,300000000000000000000
0xee424a4ca9169c465a9dd4a0784250530327a2c4,0x829dbdfeb7b74bb1e2625ee8c0f8d5413b320c53,5000000000000000000
0x54ac2ad13abf1acf5230ffe6177d3ce54c946a4a,0x829dbdfeb7b74bb1e2625ee8c0f8d5413b320c53,42150000000000000000
0xcde1d44ec70078c81aa95cdd4b8032d8d7cda5c3,0x829dbdfeb7b74bb1e2625ee8c0f8d5413b320c53,30500000000000000000
0x16edb1b834cf4811c33ccc0eb9aa7c05ad59a40f,0x829dbdfeb7b74bb1e2625ee8c0f8d5413b320c53,3861469084419941851
0xea9b5602fbdb3de640f5ce4719b68682a56debf3,0x829dbdfeb7b74bb1e2625ee8c0f8d5413b320c53,10000000000000000000
0x1aaf9c0e35f92b741250f4b225872aa4ae1b9d21,0x829dbdfeb7b74bb1e2625ee8c0f8d5413b320c53,135000000000000000000
0xc02a8310f3348c7ef86c154ccaad9f53d57522e7,0x829dbdfeb7b74bb1e2625ee8c0f8d5413b320c53,333000000000000000000
0xce76bff0a4f8da48a7df94ec4fa16f15045a5806,0x829dbdfeb7b74bb1e2625ee8c0f8d5413b320c53,468243006619490471194
0x05e19a159117627d7ceb4c77bdb915287a475cc0,0x829dbdfeb7b74bb1e2625ee8c0f8d5413b320c53,30000000000000000000
0xffd74db2a749415c2d633450b701fb6f5450e587,0x829dbdfeb7b74bb1e2625ee8c0f8d5413b320c53,200000000000000000000
0x043032a2f6e362ecfc12afa8d8dda8733884f332,0x829dbdfeb7b74bb1e2625ee8c0f8d5413b320c53,10000000000000000000
0x70b8c5874b57a4b31c7428119df268f36e731dab,0x829dbdfeb7b74bb1e2625ee8c0f8d5413b320c53,50000000000000000000
0xab74ebd8d699ab2f3c365dd70448287ff4079b87,0x829dbdfeb7b74bb1e2625ee8c0f8d5413b320c53,333000000000000000000
0xe0b0373a2afc17f23be2eec50ca4934d02f3f9c0,0x829dbdfeb7b74bb1e2625ee8c0f8d5413b320c53,291560505412719580408
0xfca7a42da82b8eff1092e33e3963a730b289c37d,0x829dbdfeb7b74bb1e2625ee8c0f8d5413b320c53,3000000000000000000000
0x8f73394bf8ad1a5ecb637a7a50dc07ea1004b046,0x829dbdfeb7b74bb1e2625ee8c0f8d5413b320c53,6079014821904191083
0x41b511f1496322eadc13374f3a70b197040faecc,0x829dbdfeb7b74bb1e2625ee8c0f8d5413b320c53,200474423944426162896
0xfc9155e21003cc1a692c882fb7a1fb8567282456,0x829dbdfeb7b74bb1e2625ee8c0f8d5413b320c53,1000598846271946839556
0x73649f7c5051e231ff4f619a4b419b0772e4cc5d,0x829dbdfeb7b74bb1e2625ee8c0f8d5413b320c53,40000000000000000000000
0x0b31a1ae3903a89446ccd7f730284e7d10148bc4,0x829dbdfeb7b74bb1e2625ee8c0f8d5413b320c53,5000000000000000000
0xc8d59b90a6f68e87bc4628a981c20f276df97353,0x829dbdfeb7b74bb1e2625ee8c0f8d5413b320c53,65000000000000000000
0x4d7076fed473a97f7be952082663abd33289e5ef,0x829dbdfeb7b74bb1e2625ee8c0f8d5413b320c53,350000000000000000000
0xa4c1a1e90fbf9c448c049c476b7b6d530ba4693f,0x829dbdfeb7b74bb1e2625ee8c0f8d5413b320c53,1150837080733956362550
0x0682e3ad62306972ab41af977ac39819ccbdf99d,0x829dbdfeb7b74bb1e2625ee8c0f8d5413b320c53,101000000000000000000
0x97a85ecbc382f0326daf32d3397cf646b01dbcdc,0x829dbdfeb7b74bb1e2625ee8c0f8d5413b320c53,50000000000000000000
0xcf5bd94eebe59a635baabf8a8f7719f14aef9dd7,0x829dbdfeb7b74bb1e2625ee8c0f8d5413b320c53,50000000000000000000
0x379df571a71c6ae10b85bcba7a895585e8a9c32b,0x829dbdfeb7b74bb1e2625ee8c0f8d5413b320c53,300600000000000000000
0x3bd2723281677061741172608527008a1d58249c,0x829dbdfeb7b74bb1e2625ee8c0f8d5413b320c53,75000000000000000000
0x530ad114fc9d8f16a54dc2c5738589da1ae8c2d8,0x829dbdfeb7b74bb1e2625ee8c0f8d5413b320c53,101000000000000000000
0xba41a44612a6cac54147a0869ad98b7e5856a362,0x829dbdfeb7b74bb1e2625ee8c0f8d5413b320c53,50000000000000000000
0xbc9710b51ee887b8ce2c451dd130cb72827a172d,0x829dbdfeb7b74bb1e2625ee8c0f8d5413b320c53,100000000000000000000
0x71a88960ca5ed0cae9e9480637dfdb9621f2f634,0x829dbdfeb7b74bb1e2625ee8c0f8d5413b320c53,333000000000000000000
0x584ec434d9eb0340c5b469e7d006eb7d85eaa19a,0x829dbdfeb7b74bb1e2625ee8c0f8d5413b320c53,7683344084939818190
0x4931b507fe0b5a1cf22771bf49248d60f52a0053,0x829dbdfeb7b74bb1e2625ee8c0f8d5413b320c53,6730216132634842010
0xc9f93b2c8c4609b4cb0d3d86a018df47642767b0,0x829dbdfeb7b74bb1e2625ee8c0f8d5413b320c53,10412968572557042103
0x47b34dc76cba1417b5ca185224fd16bb001dc24a,0x829dbdfeb7b74bb1e2625ee8c0f8d5413b320c53,11784275167221650033
0x3e3cda5158ca75cb50957536bee6e30faeefe662,0x829dbdfeb7b74bb1e2625ee8c0f8d5413b320c53,10000000000000000000
0x720d4c19d202e12a526b6577e21ec545e4d33d6a,0x829dbdfeb7b74bb1e2625ee8c0f8d5413b320c53,10000000000000000000
0xd430afe47d0c5c4b867b24b69f5a695de05eb4bb,0x829dbdfeb7b74bb1e2625ee8c0f8d5413b320c53,10000000000000000000
0x39076d58bff2ced1a6430c0826d73dc71448124a,0x829dbdfeb7b74bb1e2625ee8c0f8d5413b320c53,20000000000000000000
0xb4d9a3560e98842f127ed6a92f408ef0a37aa047,0x829dbdfeb7b74bb1e2625ee8c0f8d5413b320c53,3853985209788889235
0x3ad35d0aff522a091ac5b09bfc379c99ce3e0100,0x829dbdfeb7b74bb1e2625ee8c0f8d5413b320c53,100000000000000000000
0xaf11ac1f8a1b960ada1837e52e30b0b2fce8e172,0x829dbdfeb7b74bb1e2625ee8c0f8d5413b320c53,333330000000000000000
0xca1479fc719d93fa7a54a496351f5cfed107a761,0x829dbdfeb7b74bb1e2625ee8c0f8d5413b320c53,333609123397794084614
0x4d7939405b812ff636a0996466fae269574e5272,0x829dbdfeb7b74bb1e2625ee8c0f8d5413b320c53,1001000000000000000000
0x449f9fb02aee02f8b595803c3596f862f610dbaa,0x829dbdfeb7b74bb1e2625ee8c0f8d5413b320c53,1329000000000000000000
0xdcba72c2551ba68983ab94deff7a4e6e923da094,0x829dbdfeb7b74bb1e2625ee8c0f8d5413b320c53,1235779729056213557552
0xb0a3c525b2046bff27e94066f542a955dc0baa38,0x829dbdfeb7b74bb1e2625ee8c0f8d5413b320c53,1500001843041096369348
0x258a59a7052db77a8d231ec3d7f814b07b09d64e,0x829dbdfeb7b74bb1e2625ee8c0f8d5413b320c53,150000000000000000000
0x810ff8df9fe80c733e4468c727aa6e97c206d5d5,0x829dbdfeb7b74bb1e2625ee8c0f8d5413b320c53,1000000000000000000
0x7c75cd07b63e3551cbb003de9beff1d5790a43da,0x829dbdfeb7b74bb1e2625ee8c0f8d5413b320c53,19587607270668269498
0xe019c44ed88ff3ef00664db0351792e39470af16,0x829dbdfeb7b74bb1e2625ee8c0f8d5413b320c53,102000000000000000000
0xd469e29d044f0e36fa75ebafc4e7534ddce39934,0x829dbdfeb7b74bb1e2625ee8c0f8d5413b320c53,100000000000000000000
0x8820952ca16f64da3074507ed63588b59038364f,0x829dbdfeb7b74bb1e2625ee8c0f8d5413b320c53,110000000000000000000
0xfebc266080fd30380c9bf24941e05c6484ddaafc,0x829dbdfeb7b74bb1e2625ee8c0f8d5413b320c53,23353000000000000000000
0x319ff77809306fa4b5b0a9f72fcc0901a36d5b16,0x829dbdfeb7b74bb1e2625ee8c0f8d5413b320c53,2000000000000000000000
0x7a8ca5639262500e564d671b4241e4dfc4bbb9e2,0x829dbdfeb7b74bb1e2625ee8c0f8d5413b320c53,400000000000000000000
0xf0e60390f16e80dd026cd63a74449f65565ddedf,0x829dbdfeb7b74bb1e2625ee8c0f8d5413b320c53,4000000000000000000000
0xaaf119fe9add771c35a479fbcf0c4f36c0b433bf,0x829dbdfeb7b74bb1e2625ee8c0f8d5413b320c53,100002645857945794497
0xb49de4e57ffab625056f76ce6df11df9da369326,0x829dbdfeb7b74bb1e2625ee8c0f8d5413b320c53,11000000000000000000
0x33118aed328b83752125cfb2dadc6d3212497ae0,0x829dbdfeb7b74bb1e2625ee8c0f8d5413b320c53,5160978168163160458134
0x30014ee65297453834de32178f34cb698ba3a3cc,0x829dbdfeb7b74bb1e2625ee8c0f8d5413b320c53,14094619818860735876582
0x78f677dc6a98204bfb4d3080741df084d726448d,0x829dbdfeb7b74bb1e2625ee8c0f8d5413b320c53,3924000000000000000000
0x587b12efd64ffaa7fbb57fa81e3e195f5d7b9adb,0x829dbdfeb7b74bb1e2625ee8c0f8d5413b320c53,101000000000000000000
0xadedd835976423b9b113113d24fc9d4c0534a775,0x829dbdfeb7b74bb1e2625ee8c0f8d5413b320c53,1002000000000000000000
0x0e0abd882948b7d78a9695c16d62753930850f0f,0x829dbdfeb7b74bb1e2625ee8c0f8d5413b320c53,740000000000000000000
0x602117978f45e71766a088c9e31a4ba8f1f2d066,0x829dbdfeb7b74bb1e2625ee8c0f8d5413b320c53,1000000000000000000
0xf470d7a5edf5f76c54d9c3f6603a29165f8cc501,0x829dbdfeb7b74bb1e2625ee8c0f8d5413b320c53,500000000000000000000
0xfdf7db782443f4f7507bf9c0d093836cdac8d392,0x829dbdfeb7b74bb1e2625ee8c0f8d5413b320c53,2368478926510878971
0x2b831b1b619c8963c78a6991ef5a1aea07dbf515,0x829dbdfeb7b74bb1e2625ee8c0f8d5413b320c53,351090217919293535624
0x14cfaa7c537db070d52fa2ef65bd24e850e65ad7,0x829dbdfeb7b74bb1e2625ee8c0f8d5413b320c53,2759827586508758867640
0x07d2bbaed402786c3f87d400d7d92857b5c905ef,0x829dbdfeb7b74bb1e2625ee8c0f8d5413b320c53,1700000000000000000000
0x0ad319a580858ad4fb4ab9b600274d97e99f90f6,0x829dbdfeb7b74bb1e2625ee8c0f8d5413b320c53,3168330000000000000000
0xe12cd77f7e8361bc0ddf2c2ef449c49e6fb45f80,0x829dbdfeb7b74bb1e2625ee8c0f8d5413b320c53,3168330000000000000000
0x12d209faea75d16f9206142f47320e683cafc71f,0x829dbdfeb7b74bb1e2625ee8c0f8d5413b320c53,3168330000000000000000
0x5eeb8dbc054b4066cdb23572eec4ffecbb43671f,0x829dbdfeb7b74bb1e2625ee8c0f8d5413b320c53,3168330000000000000000
0xb67c83d7f672a519cdaf3fde8d22a0e060055d83,0x829dbdfeb7b74bb1e2625ee8c0f8d5413b320c53,200000000000000000000
0x040edae8918a3594080e18fbf830ee1311b172b5,0x829dbdfeb7b74bb1e2625ee8c0f8d5413b320c53,6000000000000000000000
0x7e99ed13bc30de3d63a0b84a5f2aceb5ce3228a5,0x829dbdfeb7b74bb1e2625ee8c0f8d5413b320c53,3570000000000000000000
0xb40491296a2b8e7fb5d9d7c840d3f760f08be5e2,0x829dbdfeb7b74bb1e2625ee8c0f8d5413b320c53,999995042449088646370
0x5b7df088cfe79b8e2ae7bdb3cf0c7ffb86446551,0x829dbdfeb7b74bb1e2625ee8c0f8d5413b320c53,14641877812605294862
0x98e30fc91f264f2e5932b3c30958ef33a0accd13,0x829dbdfeb7b74bb1e2625ee8c0f8d5413b320c53,10000000000000000000
0x1fd2bdc9569c452d64609d155084eb89058b260c,0x829dbdfeb7b74bb1e2625ee8c0f8d5413b320c53,225867698683039364667
0x4af009e98277679764253fac9b31f0e90d742a29,0x829dbdfeb7b74bb1e2625ee8c0f8d5413b320c53,1836388501808140962
0xa466be12f2dfdf8a1e89ef0ec76668622c2c8a18,0x829dbdfeb7b74bb1e2625ee8c0f8d5413b320c53,1000000000000000000
0x3d49ae2e9b9820eb99ca094c82ace434c232335c,0x829dbdfeb7b74bb1e2625ee8c0f8d5413b320c53,6666000000000000000000
0xce71a685ca4b5b7d435d638da06bd02efde5ca0e,0x829dbdfeb7b74bb1e2625ee8c0f8d5413b320c53,6666000000000000000000
0xf67ab32ea63b24defda3ee20603c3c515e9b8a29,0x829dbdfeb7b74bb1e2625ee8c0f8d5413b320c53,1000000000000000000
0x115f68eba7b69f469bcf845879cde7e9678edb12,0x829dbdfeb7b74bb1e2625ee8c0f8d5413b320c53,2000000000000000000
0x3e662e78b7dba6dee232b4e77627d5f37263cea7,0x829dbdfeb7b74bb1e2625ee8c0f8d5413b320c53,566639800053956004470
0xde626c02923a7b1150174ac347b31df2a228bcb5,0x829dbdfeb7b74bb1e2625ee8c0f8d5413b320c53,50000000000000000000
0x689b92158f97bc1c028313996c9b52a8bbb504bd,0x829dbdfeb7b74bb1e2625ee8c0f8d5413b320c53,333000000000000000000
0xb6e60875ad2bdc2513bebea7255a991d034afa37,0x829dbdfeb7b74bb1e2625ee8c0f8d5413b320c53,1000000000000000000
0x46b317a6fedc31e151db696650b5388a3a40b765,0x829dbdfeb7b74bb1e2625ee8c0f8d5413b320c53,8178416068754885867400
0x671da470ee0446c0d87be5f0739ef1930ec55a77,0x829dbdfeb7b74bb1e2625ee8c0f8d5413b320c53,3021000000000000000000
0x5058698c9cc98753a4eb59659b5e6e2593726e11,0x829dbdfeb7b74bb1e2625ee8c0f8d5413b320c53,3500000000000000000000
0x745dd8fa70e00b7b3c94cc89f601d2d87ef3c7f5,0x829dbdfeb7b74bb1e2625ee8c0f8d5413b320c53,5510000000000000000000
0xbadb53f29c287b4c7bb02497b7d7bba2e597cb92,0x829dbdfeb7b74bb1e2625ee8c0f8d5413b320c53,5510000000000000000000
0xba1b54250dd29df66cf2d0d8c2777ad1e49e815b,0x829dbdfeb7b74bb1e2625ee8c0f8d5413b320c53,5510000000000000000000
0xcad18075f03fa1b9fd4a9813359893dd79b1f0fc,0x829dbdfeb7b74bb1e2625ee8c0f8d5413b320c53,333000000000000000000
0x0f38e9f089a84814bc7de6fabcdf7096953227f6,0x829dbdfeb7b74bb1e2625ee8c0f8d5413b320c53,1999998978441779784895
0x528ea2b48a5420bbb0a5e32b0f0380f0d8b5c80f,0x829dbdfeb7b74bb1e2625ee8c0f8d5413b320c53,333000000000000000000
0x39b99f55d0690ac7bb6f968486d24e2d5066ec36,0x829dbdfeb7b74bb1e2625ee8c0f8d5413b320c53,20115307353939182119
0x547cedb9ac94cd66b34dea25d8943d55bbe52c88,0x829dbdfeb7b74bb1e2625ee8c0f8d5413b320c53,537391228243720964410
0x1a8ec52c2fd1fe4f6110747f60cc00a702071041,0x829dbdfeb7b74bb1e2625ee8c0f8d5413b320c53,8000000000000000000000
0x4b75f2b6c4f71f8ac369b03a6fdae20eecca3441,0x829dbdfeb7b74bb1e2625ee8c0f8d5413b320c53,20000000000000000000
0xc19933800a4c96e117499e3094a91e6538d57ad3,0x829dbdfeb7b74bb1e2625ee8c0f8d5413b320c53,20000000000000000000
0x97f9501cbed29745fd0b642a5855bdca7f8af4c1,0x829dbdfeb7b74bb1e2625ee8c0f8d5413b320c53,256000000000000000000
0x5f2ad823d3ff107f113a6a56bc6ebadc4f511d87,0x829dbdfeb7b74bb1e2625ee8c0f8d5413b320c53,6242111100000000000000
0xf3d8c43dffa6c7e0a95e4c932e39db05b762ce7b,0x829dbdfeb7b74bb1e2625ee8c0f8d5413b320c53,6244111111100000000000
0x7eabb45bfdf3e2b10f03e24e969156bbf51acf0e,0x829dbdfeb7b74bb1e2625ee8c0f8d5413b320c53,6000000000000000000
0x67ed296538fa266464677e51eac065802d2f5389,0x829dbdfeb7b74bb1e2625ee8c0f8d5413b320c53,342000000000000000000
0x445cd20ec9587c8dea627e7b0e3f0f9e87c0da09,0x829dbdfeb7b74bb1e2625ee8c0f8d5413b320c53,667000000000000000000
0xe01cb4e9751efe1d885e4bce48be5670c6e394f6,0x829dbdfeb7b74bb1e2625ee8c0f8d5413b320c53,100000000000000000000
0x51043dd5c4af81e5d04932d7b9d6608474a43a5a,0x829dbdfeb7b74bb1e2625ee8c0f8d5413b320c53,350000000000000000000
0x298e5dd73995fb5f8708ac1c0b4da1c13dbd6dab,0x829dbdfeb7b74bb1e2625ee8c0f8d5413b320c53,101648624957002269507
0xb4d5b57d9c5be38067bba2573748b689a7eba7ca,0x829dbdfeb7b74bb1e2625ee8c0f8d5413b320c53,310000000000000000000
0xb69f1bf5810f789352962491e3451a89f3aea73d,0x829dbdfeb7b74bb1e2625ee8c0f8d5413b320c53,6784000000000000000000
0x31b19d5dc46454d297acc840857514d539088017,0x829dbdfeb7b74bb1e2625ee8c0f8d5413b320c53,133000000000000000000
0x3358549b372a13d197a8af5a6ec6e89a9f359f5f,0x829dbdfeb7b74bb1e2625ee8c0f8d5413b320c53,31081490637082719424
0x5896bd8cead1ca3b938de506aeb061de36c681f2,0x829dbdfeb7b74bb1e2625ee8c0f8d5413b320c53,80000000000000000000
0xacaedf689dbfbd6c99f80e608c11b7303553c6cf,0x829dbdfeb7b74bb1e2625ee8c0f8d5413b320c53,9704309531512433897
0x3473ff346c78f5eb9dc61b015b328d8dabd3b073,0x829dbdfeb7b74bb1e2625ee8c0f8d5413b320c53,335000000000000000000
0x035ce88db8d9d480b4883d15b27a01aa56aeb579,0x829dbdfeb7b74bb1e2625ee8c0f8d5413b320c53,8231474070389848530
0x7e0aacbf1ead87c9407492c368b358581d3c1bce,0x829dbdfeb7b74bb1e2625ee8c0f8d5413b320c53,111408399349431924351
0x103ec518af2a6bdf87b9fc39b5a4267929464323,0x829dbdfeb7b74bb1e2625ee8c0f8d5413b320c53,5000000000000000000000
0x43726768d77ed4b8fd70a27c7a346d0f98b45155,0x829dbdfeb7b74bb1e2625ee8c0f8d5413b320c53,50000000000000000000
0x2f79f96269dee4c43b62481270362b7970ef616d,0x829dbdfeb7b74bb1e2625ee8c0f8d5413b320c53,10000000000000000000
0xbd42f712115db2240d5bcd6deb1eaf2387185a80,0x829dbdfeb7b74bb1e2625ee8c0f8d5413b320c53,1000000000000000000
0x7f594c516b40e3afc8abea53e1457772159be413,0x829dbdfeb7b74bb1e2625ee8c0f8d5413b320c53,1133360526211604951
0x54b16c6297967bb564793b794afe2c4e292a2b63,0x829dbdfeb7b74bb1e2625ee8c0f8d5413b320c53,101000000000000000000
0x227d281cd45c2419bea5c862d101b220754d5785,0x829dbdfeb7b74bb1e2625ee8c0f8d5413b320c53,101000000000000000000
0xc97ff4afeb84c10fb36ede11d40026a39f66c7c8,0x829dbdfeb7b74bb1e2625ee8c0f8d5413b320c53,101000000000000000000
0x4cd45e49761928ecd41c6d8d731344a588ed9fb0,0x829dbdfeb7b74bb1e2625ee8c0f8d5413b320c53,101000000000000000000
0x699ead025c17f777ff0da14ab8324c2bf193c852,0x829dbdfeb7b74bb1e2625ee8c0f8d5413b320c53,101000000000000000000
0x8b32179f290fb07276762e356219a3986a8d7043,0x829dbdfeb7b74bb1e2625ee8c0f8d5413b320c53,6812000000000000000000
0x2956d1d983db9f41d3631afc10e9a5ec6ae3bbc0,0x829dbdfeb7b74bb1e2625ee8c0f8d5413b320c53,100000000000000000000
0xd63a7758b018144d77c6e6f8ea26757ec1556cee,0x829dbdfeb7b74bb1e2625ee8c0f8d5413b320c53,1583741757126334073814
0x367af412d4274ddc3b9dcfcf90e359b57a0d73f1,0x829dbdfeb7b74bb1e2625ee8c0f8d5413b320c53,674300211944653405850
0xe8daa10ed3f4dcc46d5db740b3238e36ee191d90,0x829dbdfeb7b74bb1e2625ee8c0f8d5413b320c53,10001000000000000000000
0x34c9c6c1a3a30ded3972efc338852cb22495ba7e,0x829dbdfeb7b74bb1e2625ee8c0f8d5413b320c53,2000000000000000000
0x0cddbaf93be47dbcc84585de5c9ae937e42e7fae,0x829dbdfeb7b74bb1e2625ee8c0f8d5413b320c53,1000000000000000000000
0xd9e7dc69d971384dce653fb0b5f65f520169986f,0x829dbdfeb7b74bb1e2625ee8c0f8d5413b320c53,6271862868585181665742
0x295fbada2a1fbf7aa4a6d2c8a395a56a448afa63,0x829dbdfeb7b74bb1e2625ee8c0f8d5413b320c53,5000000000000000000000
0x44c7c9436ad023cd503abf2fb9f5c602c410380b,0x829dbdfeb7b74bb1e2625ee8c0f8d5413b320c53,3173330000000000000000
0x8bed51a6fefafcad2ff77b8909c1ce5471914385,0x829dbdfeb7b74bb1e2625ee8c0f8d5413b320c53,10050994117974907411621
0xa30cf00805c2f9ee99d58d5ad68cb7e4aea93573,0x829dbdfeb7b74bb1e2625ee8c0f8d5413b320c53,4286759612570873031346
0xefa29ce56a70d8694a2450bb0a8cba955cd8cce5,0x829dbdfeb7b74bb1e2625ee8c0f8d5413b320c53,10000000000000000000
0x7466cc10e1f6922cdff6b739d1351d8488359b5d,0x829dbdfeb7b74bb1e2625ee8c0f8d5413b320c53,25000000000000000000
0xd37e09c16251e031af0ec07e77d23ea0206851d6,0x829dbdfeb7b74bb1e2625ee8c0f8d5413b320c53,54000000000000000000
0x50b0b0b93c44a97ede980b121bca32d764b511ef,0x829dbdfeb7b74bb1e2625ee8c0f8d5413b320c53,101000000000000000000
0x2e87095049b8147758cecd0093a53554e0d458d1,0x829dbdfeb7b74bb1e2625ee8c0f8d5413b320c53,1000000000000000000000
0x9f1aa04e8e399a6325541bcc8a5739394277a324,0x829dbdfeb7b74bb1e2625ee8c0f8d5413b320c53,1000000000000000000000
0x484e8b510716e5ee21c7a583aaffc203b885d75a,0x829dbdfeb7b74bb1e2625ee8c0f8d5413b320c53,400000000000000000000
0xa3fbb8759a1df22daab51667fc78b80c3fbd6b1b,0x829dbdfeb7b74bb1e2625ee8c0f8d5413b320c53,400000000000000000000
0x5ed4d2f4f739327d8908ce63fec50999a7a6a1ee,0x829dbdfeb7b74bb1e2625ee8c0f8d5413b320c53,500000000000000000000
0xd9a225c235bdcaa4f225fde75c8c4efc06956ce6,0x829dbdfeb7b74bb1e2625ee8c0f8d5413b320c53,2001000000000000000000
0x987d195a8a6c47c9c3516349e584b005bcd2226d,0x829dbdfeb7b74bb1e2625ee8c0f8d5413b320c53,800000000000000000000
0x741cbcf975574d52cc23dc71963f4a7d0686a6c2,0x829dbdfeb7b74bb1e2625ee8c0f8d5413b320c53,1003000000000000000000
0x9b466ce7a8691ce782987a3378c7af1db1e205e7,0x829dbdfeb7b74bb1e2625ee8c0f8d5413b320c53,3000000000000000000000
0x7e0a137911bd0ad462da229c517430148f753201,0x829dbdfeb7b74bb1e2625ee8c0f8d5413b320c53,6057000000000000000000
0xc64cd1ace1a17b61625105aba5cf78a5a6ad5cb8,0x829dbdfeb7b74bb1e2625ee8c0f8d5413b320c53,335000000000000000000
0xa8322e36aa1a0e0d73cb596c85e1ed3d847cb375,0x829dbdfeb7b74bb1e2625ee8c0f8d5413b320c53,1013740014354599073
0xed2897c0f4200fe82301780d036dd7e06a459fc9,0x829dbdfeb7b74bb1e2625ee8c0f8d5413b320c53,204000000000000000000
0xc62d04c0854b3c0f69bd4584ce03d86907a2847d,0x829dbdfeb7b74bb1e2625ee8c0f8d5413b320c53,112000000000000000000
0xdb76cb7406a77908de5a3006e8275f2cc65f1428,0x829dbdfeb7b74bb1e2625ee8c0f8d5413b320c53,30000000000000000000
0x20b749f119bb24f5bc7ed4f050756ff525fad1a2,0x829dbdfeb7b74bb1e2625ee8c0f8d5413b320c53,10000000000000000000
0x8e8a7f9ff1b922d3649af2ef71c074f18018ec33,0x829dbdfeb7b74bb1e2625ee8c0f8d5413b320c53,4000000000000000000
0x80748c20391f652bc676ce4a20279be527055bd9,0x829dbdfeb7b74bb1e2625ee8c0f8d5413b320c53,10000000000000000000
0xa96cc7e6cbf628dc24aeb2578da59c09005b067e,0x829dbdfeb7b74bb1e2625ee8c0f8d5413b320c53,1010000000000000000
0x4d66b2cda94387ba030ac917efc64eda9553c232,0x829dbdfeb7b74bb1e2625ee8c0f8d5413b320c53,10000000000000000000
0x892b51c54def8a7e229e83d612f4e29c5cf8f7d5,0x829dbdfeb7b74bb1e2625ee8c0f8d5413b320c53,1071680295568810833569
0xf89fa5cd5ccf6f0aa5decb3cf59c9df91fa101a8,0x829dbdfeb7b74bb1e2625ee8c0f8d5413b320c53,90000000000000000000
0x2f607eccf0ff1997b8c097d0084e7e5d2d7d1814,0x829dbdfeb7b74bb1e2625ee8c0f8d5413b320c53,500000000000000000000
0x78f4b63386a807dc72775d89f494d1eef4e06ae3,0x829dbdfeb7b74bb1e2625ee8c0f8d5413b320c53,400003105176181049159
0x09c38513e0b9921c83d1a718737abfa29fc6c69c,0x829dbdfeb7b74bb1e2625ee8c0f8d5413b320c53,3544159169692007695532
0xa9d2ddf57617d3478d304fe2f8f7e760392edc12,0x829dbdfeb7b74bb1e2625ee8c0f8d5413b320c53,150424656162358558371
0x7f8fd6d83e121f3e4087730bdb2f937f35366d9b,0x829dbdfeb7b74bb1e2625ee8c0f8d5413b320c53,1000000000000000000
0xc98986f832c4b263ac780e843e45552062f8b3e0,0x829dbdfeb7b74bb1e2625ee8c0f8d5413b320c53,1000000000000000000000
0xbf09537bb553e1619216be83e0efcdb3e779fa40,0x829dbdfeb7b74bb1e2625ee8c0f8d5413b320c53,5000000000000000000
0xfb1268f135f0b50aef5ef8c34c18e8683b80a0ef,0x829dbdfeb7b74bb1e2625ee8c0f8d5413b320c53,5000000000000000000
0xe4c226b08627454188180a03ac78b41be070249e,0x829dbdfeb7b74bb1e2625ee8c0f8d5413b320c53,5000000000000000000
0x95062d47863f105c4e5cb9e387d27ce7fbaf700f,0x829dbdfeb7b74bb1e2625ee8c0f8d5413b320c53,17100000000000000000
0x5fe08372a50b681b9c57cc012a26e819872c913e,0x829dbdfeb7b74bb1e2625ee8c0f8d5413b320c53,5000000000000000000
0x290bc3d957613d5ca3f9ab7bb867348bd0c9bfc4,0x829dbdfeb7b74bb1e2625ee8c0f8d5413b320c53,3000000000000000000
0xeb97151d06fe8022faf3efab7e858a657eb38130,0x829dbdfeb7b74bb1e2625ee8c0f8d5413b320c53,5000000000000000000
0x6683eb8658c3b8232d39aa67639d1f1f04484562,0x829dbdfeb7b74bb1e2625ee8c0f8d5413b320c53,5000000000000000000
0x170bc96ee3c627d5a1c03f7ed8e576c3c783d9c7,0x829dbdfeb7b74bb1e2625ee8c0f8d5413b320c53,5000000000000000000
0x50e263d99d9d51973049fa37bf3dcd57fb4b6af6,0x829dbdfeb7b74bb1e2625ee8c0f8d5413b320c53,1000000000000000000
0x0829202fa34d2e554b818b29663be3fa4e923506,0x829dbdfeb7b74bb1e2625ee8c0f8d5413b320c53,15000000000000000000
0x92a7ed41be7fa88e024b355adc3fb800bc58e918,0x829dbdfeb7b74bb1e2625ee8c0f8d5413b320c53,20000000000000000000
0xe6dc598c29819d1f096fa15cbcfa69e11182db5b,0x829dbdfeb7b74bb1e2625ee8c0f8d5413b320c53,4200000000000000000
0x8c43b8dc738247cfa59c42253582eb9825c98cf1,0x829dbdfeb7b74bb1e2625ee8c0f8d5413b320c53,5000000000000000000
0xa29c2a7a87711cb972cf28a5efa0a634982c7536,0x829dbdfeb7b74bb1e2625ee8c0f8d5413b320c53,1030000000000000000000
0x058132d1641c564095f3774d5b40e41118dd4b15,0x829dbdfeb7b74bb1e2625ee8c0f8d5413b320c53,13160000000000000000000
0x640c41b30a5efaacce04da9f768d4bf318cfc57d,0x829dbdfeb7b74bb1e2625ee8c0f8d5413b320c53,42166999978080597409
0xcec1d02ef5d565dcd37ace67f946bd56fb1b754f,0x829dbdfeb7b74bb1e2625ee8c0f8d5413b320c53,2052972501259467393417
0x196277aeacd1f3e6232d24ef9a39a646a73b7b11,0x829dbdfeb7b74bb1e2625ee8c0f8d5413b320c53,333000000000000000000
0x4d7801d21088acb9d7311ca815612b35fdfd3623,0x829dbdfeb7b74bb1e2625ee8c0f8d5413b320c53,1007387498365394499221
0x16cc6c319459c3e9f10df96864566425e7d4e300,0x829dbdfeb7b74bb1e2625ee8c0f8d5413b320c53,333000000000000000000
0x09679eae2cedba0c95e1d7568a879c879749a031,0x829dbdfeb7b74bb1e2625ee8c0f8d5413b320c53,1000000000000000000000
0x0c2f5a5931a9cd50c9d22832bd5748a6fee5f849,0x829dbdfeb7b74bb1e2625ee8c0f8d5413b320c53,413000000000000000000
0xf1daa4a11c4c8e6577c87fa914e90a5673b7808a,0x829dbdfeb7b74bb1e2625ee8c0f8d5413b320c53,100000000000000000000
0x02565ccb5b48641808063bca489a3312c85d6ce9,0x829dbdfeb7b74bb1e2625ee8c0f8d5413b320c53,202522001815640439146
0x38a325d8c4e1dfaa8ca2b5ffdc47209118e0cd00,0x829dbdfeb7b74bb1e2625ee8c0f8d5413b320c53,10000000000000000000
0xddb443977b384919fa4ea92fd86b2d974f785bec,0x829dbdfeb7b74bb1e2625ee8c0f8d5413b320c53,2000000000000000000
0x4177a4b14c055d4ef558b5f3b12839e1dd742fc1,0x829dbdfeb7b74bb1e2625ee8c0f8d5413b320c53,18461309151877760107
0xa4f421c508a2f1348275c0e73a1fe7d3eff83fef,0x829dbdfeb7b74bb1e2625ee8c0f8d5413b320c53,389000000000000000000
0x9b701510473b94890c90c7a3e4473bc1dfd4710c,0x829dbdfeb7b74bb1e2625ee8c0f8d5413b320c53,350000000000000000000
0x499f924a2f233b209a902c00599012517ca37eb6,0x829dbdfeb7b74bb1e2625ee8c0f8d5413b320c53,1000000000000000000
0x600d0e96fa3c7040b2633fc5e4db8b3c316a805a,0x829dbdfeb7b74bb1e2625ee8c0f8d5413b320c53,44000000000000000000
0x2e556436bd52fd509d2be21051e397ce7e078098,0x829dbdfeb7b74bb1e2625ee8c0f8d5413b320c53,10000000000000000000
0x119603b03003da9563f037c50c3da6d2cc938910,0x829dbdfeb7b74bb1e2625ee8c0f8d5413b320c53,333000000000000000000
0xe8354fed697388d215efbc49df9639e14761bb34,0x829dbdfeb7b74bb1e2625ee8c0f8d5413b320c53,6251000000000000000000
0xff0a20beed79657b81c775042c87eb6809256c7e,0x829dbdfeb7b74bb1e2625ee8c0f8d5413b320c53,32975346062752450695
0x619eccab597ecf245ee7164206e15990a4d638c1,0x829dbdfeb7b74bb1e2625ee8c0f8d5413b320c53,1212983441088402954309
0x3171c26f3ded49dc56835a10ed8af4e14a805eb4,0x829dbdfeb7b74bb1e2625ee8c0f8d5413b320c53,400000000000000000000
0x13aa4c513e3bbac106a291c4ca8c5e05a2cdc1ab,0x829dbdfeb7b74bb1e2625ee8c0f8d5413b320c53,333000000000000000000
0x193f430c39b98b630bd0d79d54d251214302569e,0x829dbdfeb7b74bb1e2625ee8c0f8d5413b320c53,464004356782009783311
0x188ff1624bf5bdec3c82eadc1591abb659c08720,0x829dbdfeb7b74bb1e2625ee8c0f8d5413b320c53,333000000000000000000
0xc1cfb2e81964c545ffb6f42281ef94fceb715f32,0x829dbdfeb7b74bb1e2625ee8c0f8d5413b320c53,666660000000000000000
0x26a8e335a1efca95cecfa976884d879e2d9f1340,0x829dbdfeb7b74bb1e2625ee8c0f8d5413b320c53,2000000000000000000000
0x85ade58e9ad08fad99273871589e7be60f75c7a8,0x829dbdfeb7b74bb1e2625ee8c0f8d5413b320c53,1000000000000000000
0xd7de563066179070dc8083d2a9d3ce096c288fbf,0x829dbdfeb7b74bb1e2625ee8c0f8d5413b320c53,100000000000000000000
0xf20d891bdf6c76fee9cb7f12d91738054c716d13,0x829dbdfeb7b74bb1e2625ee8c0f8d5413b320c53,100000000000000000000
0xe2f5c454932ae879c4b832e1dc97e65ed53d4d9a,0x829dbdfeb7b74bb1e2625ee8c0f8d5413b320c53,50000000000000000000
0x9fcb39da429370228e8a6c20dde1df38039894d9,0x829dbdfeb7b74bb1e2625ee8c0f8d5413b320c53,163999271258710596085
0x387bc685db6598aa6aebc9498c2f65992afeb44c,0x829dbdfeb7b74bb1e2625ee8c0f8d5413b320c53,101000000000000000000
0x349a7449b49315c289a0d4d03550d36cb6458245,0x829dbdfeb7b74bb1e2625ee8c0f8d5413b320c53,174819275940000000000
0x49947c9642952bfc90b6eaaa71b2e11b540f0a74,0x829dbdfeb7b74bb1e2625ee8c0f8d5413b320c53,355000000000000000000
0x62adb8f535a19c1fdf24f86f6eba50857d37fa3e,0x829dbdfeb7b74bb1e2625ee8c0f8d5413b320c53,1900000000000000000000
0x08e2793cc1fec8af66bbaa43bc2c60e50304bb0e,0x829dbdfeb7b74bb1e2625ee8c0f8d5413b320c53,133000000000000000000
0x280416108d352759adc45fa1671882af77f4b1a3,0x829dbdfeb7b74bb1e2625ee8c0f8d5413b320c53,60000000000000000000
0x3d0cabff51740cf41aaec8344741beeb3c197159,0x829dbdfeb7b74bb1e2625ee8c0f8d5413b320c53,1000000000000000000
0xf3511e69589cf973817aa50d7938585223ca8cf4,0x829dbdfeb7b74bb1e2625ee8c0f8d5413b320c53,50000000000000000000
0xb09f82711baab41a61c96cfbd8738950645b71c3,0x829dbdfeb7b74bb1e2625ee8c0f8d5413b320c53,350000000000000000000
0x36f7e92a32cfa45c2a5384456babd26f2e1acfe4,0x829dbdfeb7b74bb1e2625ee8c0f8d5413b320c53,102961572691941719022
0xf9c3e01ebd145a630a94887b7a08207499797ca4,0x829dbdfeb7b74bb1e2625ee8c0f8d5413b320c53,200000000000000000000
0x0617c6ca64f45a4deb5cc7622931c2fd55545a93,0x829dbdfeb7b74bb1e2625ee8c0f8d5413b320c53,368011428842706306946
0x0b26925a2e7df29ff4ac6847d7c55b58d32f1804,0x829dbdfeb7b74bb1e2625ee8c0f8d5413b320c53,117000000000000000000
0x1ee082d27c02323758c69f8b070123a9cf2ffaa8,0x829dbdfeb7b74bb1e2625ee8c0f8d5413b320c53,20000000000000000000
0xc5ce54ae00af69ba227f347aaf64d0d2b840a88e,0x829dbdfeb7b74bb1e2625ee8c0f8d5413b320c53,367000000000000000000
0xb16148d49a7c91dcd1f053cfdda35e57e84a7afe,0x829dbdfeb7b74bb1e2625ee8c0f8d5413b320c53,9411115764745867854670
0x210edb287aee8e5671dddfbbb70fc29d746ca17a,0x829dbdfeb7b74bb1e2625ee8c0f8d5413b320c53,5000000000000000000000
0xa74f10eaba2596640e9a06ec997f9c31dc86f000,0x829dbdfeb7b74bb1e2625ee8c0f8d5413b320c53,1030000000000000000000
0xf20e0b5e7b4400ba54b1d2503973287159a32cd3,0x829dbdfeb7b74bb1e2625ee8c0f8d5413b320c53,5900000000000000000000
0x9624db27960b8ac527abeb1ecc72b4173df364a7,0x829dbdfeb7b74bb1e2625ee8c0f8d5413b320c53,5000000000000000000
0xa9786cecb819bcaa6b2021573a851f2dba234494,0x829dbdfeb7b74bb1e2625ee8c0f8d5413b320c53,1200000000000000000
0xbd4c1d414b19cce732f62b466a1dcf3ac9753ab3,0x829dbdfeb7b74bb1e2625ee8c0f8d5413b320c53,412288470941214704639
0x43d9e8829415aee986ac0a811df0cb739cdf0089,0x829dbdfeb7b74bb1e2625ee8c0f8d5413b320c53,12615194554785657568
0xe79c3cd14b92c8d64ec45ab1ba403d570a5fa102,0x829dbdfeb7b74bb1e2625ee8c0f8d5413b320c53,102004069112670467748
0xa81b21fa120471abd3a2a4620f3f9ebaffb9005e,0x829dbdfeb7b74bb1e2625ee8c0f8d5413b320c53,16303266975210587758190
0x81133182ece639e95a7ea6cf1fd4500d8998c559,0x829dbdfeb7b74bb1e2625ee8c0f8d5413b320c53,5000000000000000000000
0xe7e7ffc4b3f0139331228137a12b9729a9873b57,0x829dbdfeb7b74bb1e2625ee8c0f8d5413b320c53,10000000000000000000
0x03410498ffeb0f7a35f1d67f162296ba327c0550,0x829dbdfeb7b74bb1e2625ee8c0f8d5413b320c53,963000000000000000000
0x429596cbb09c3a90b956a951d90203dbd5bd7550,0x829dbdfeb7b74bb1e2625ee8c0f8d5413b320c53,3009000000000000000000
0x2658119cd23c616a16b2758259972aeb216bccf8,0x829dbdfeb7b74bb1e2625ee8c0f8d5413b320c53,716722688478497657471
0xe04a7ec2bc9f87062a9076cc576848f28b09a718,0x829dbdfeb7b74bb1e2625ee8c0f8d5413b320c53,1100000000000000000000
0x6f6c71982640086c47c088c3a59df86a0190fa79,0x829dbdfeb7b74bb1e2625ee8c0f8d5413b320c53,338097035311183324798
0x948bdb81d870131c4371e2f5328c37c70bad6bf6,0x829dbdfeb7b74bb1e2625ee8c0f8d5413b320c53,89212593348898544029
0x1f4cdc9a27f1a7d23a099ce9c983f46cb26c2066,0x829dbdfeb7b74bb1e2625ee8c0f8d5413b320c53,1269000000000000000000
0x02836137a7dd87461f02d3eb39a74990f589f59c,0x829dbdfeb7b74bb1e2625ee8c0f8d5413b320c53,15010000000000000000
0xa2566bc481727a230511b70a42cadd994fcb6eea,0x829dbdfeb7b74bb1e2625ee8c0f8d5413b320c53,21860000000000000000
0x09b3401a5d70c62b881640e400b60dc2ba08a0a7,0x829dbdfeb7b74bb1e2625ee8c0f8d5413b320c53,56000000000000000000
0xe1947bf61124d7edcbf75208732d9f1b1868593c,0x829dbdfeb7b74bb1e2625ee8c0f8d5413b320c53,2222380803247603200852
0xc8a48e3568cb7c21a6d4fbca8564a8dff63b468c,0x829dbdfeb7b74bb1e2625ee8c0f8d5413b320c53,361000000000000000000
0x521c470df2fe8ad2756c6cac00aa1f72577f190e,0x829dbdfeb7b74bb1e2625ee8c0f8d5413b320c53,334000000000000000000
0xb748e1ffd0d56964d6d9e5dd51a52f3f077b661f,0x829dbdfeb7b74bb1e2625ee8c0f8d5413b320c53,334000000000000000000
0x0cde0336e72b81252a0b996c8f131749312ceea6,0x829dbdfeb7b74bb1e2625ee8c0f8d5413b320c53,4117482156329849789884
0xf96173f01f1c9a942595af34bd622e4135fd70c3,0x829dbdfeb7b74bb1e2625ee8c0f8d5413b320c53,5000000000000000000
0x5ac40d446cfd42e3fc8ce6dbb262d89ada193ec9,0x829dbdfeb7b74bb1e2625ee8c0f8d5413b320c53,1031000000000000000000
0xcb535ad155e76f22d77549d0960f44b68164b1ba,0x829dbdfeb7b74bb1e2625ee8c0f8d5413b320c53,2604710000000000000000
0xf217f9634962f47af865a67ee2e7ab7738adf1b4,0x829dbdfeb7b74bb1e2625ee8c0f8d5413b320c53,6936000000000000000000
0x1826b090f2550086805a362a2fc8b606b10ada5c,0x829dbdfeb7b74bb1e2625ee8c0f8d5413b320c53,20000000000000000000
0x522b3bf4cf074d64b071e3153f2ee2fcc572a735,0x829dbdfeb7b74bb1e2625ee8c0f8d5413b320c53,1719828971275838718
0x8345dfac1a51ea71ba8d5db2c62670e987e132ad,0x829dbdfeb7b74bb1e2625ee8c0f8d5413b320c53,1000000000000000000
0xd8f536b0c417a6810f3bae36a7b8b0c411929603,0x829dbdfeb7b74bb1e2625ee8c0f8d5413b320c53,1000000000000000000
0x7ac7794ffac4639985e34ba48f5018f2aa0c6dc1,0x829dbdfeb7b74bb1e2625ee8c0f8d5413b320c53,24286568456809801445
0x3e4bc2b8691efd2535a093218b7ab42d28cde011,0x829dbdfeb7b74bb1e2625ee8c0f8d5413b320c53,3000000000000000000000
0x0ab7a52770e273d4006de01cfccdddb32a5feed3,0x829dbdfeb7b74bb1e2625ee8c0f8d5413b320c53,1000000000000000000
0xcb8f105fa6a93a741ef16d680400b7755e8a93a0,0x829dbdfeb7b74bb1e2625ee8c0f8d5413b320c53,80614428333071676369
0x2f41672bfb9bf4f6f7f3bbae388b6734330610ef,0x829dbdfeb7b74bb1e2625ee8c0f8d5413b320c53,10000000000000000000
0x7dfd8efe3d4c2f32427215e82b6e8559010e34a2,0x829dbdfeb7b74bb1e2625ee8c0f8d5413b320c53,300000000000000000000
0x95f3e8f85760e328bf067da78a7cae6791153c00,0x829dbdfeb7b74bb1e2625ee8c0f8d5413b320c53,431610000000000000000
0x296188d4d0fe6ebcf3a906fc863d510e5fe34b24,0x829dbdfeb7b74bb1e2625ee8c0f8d5413b320c53,10000000000000000000
0x2fe3861c9addbbebea06ecfed5b0e30998ff2323,0x829dbdfeb7b74bb1e2625ee8c0f8d5413b320c53,35839843991369275905
0x22ae75d020b3218ade12450df42fe86d524465ce,0x829dbdfeb7b74bb1e2625ee8c0f8d5413b320c53,17231624282269038892408
0x762ba1223b3df7a73c5818ad3dfae064dc903083,0x829dbdfeb7b74bb1e2625ee8c0f8d5413b320c53,50000000000000000000
0xb83a055f923fb1c978e0db959d862a93471b4b9e,0x829dbdfeb7b74bb1e2625ee8c0f8d5413b320c53,1000000000000000000
0x2dcb4cde3973cccc9275de23a3c88458c5b651fd,0x829dbdfeb7b74bb1e2625ee8c0f8d5413b320c53,6008345202746895754085
0x61f232b4c6e22cc3f48339566b76c55287c422b0,0x829dbdfeb7b74bb1e2625ee8c0f8d5413b320c53,4995956775500795920
0xfe0ee961e365bdccb45861cee408c0b153c68ba2,0x829dbdfeb7b74bb1e2625ee8c0f8d5413b320c53,1001000000000000000000
0x960bdaf780246d49695741c79b1d2d2e28d7df2e,0x829dbdfeb7b74bb1e2625ee8c0f8d5413b320c53,343965709969684756094
0xd7d876771c6085525d4f97ed9c2afe3cbaf74644,0x829dbdfeb7b74bb1e2625ee8c0f8d5413b320c53,1000000000000000000000
0x27ecaab072f811477a7f07c12c395cacb62f9210,0x829dbdfeb7b74bb1e2625ee8c0f8d5413b320c53,26954112161806451340
0xaa8c2682b3f7ed81d0429948ac036f4901be6ffb,0x829dbdfeb7b74bb1e2625ee8c0f8d5413b320c53,41489645298397114000
0x079583668b2515818fcab375d357e9e211351466,0x829dbdfeb7b74bb1e2625ee8c0f8d5413b320c53,667000000000000000000
0x6eda6aef3e9e22ac2cf917de6cec97f98d52d585,0x829dbdfeb7b74bb1e2625ee8c0f8d5413b320c53,218860711312340111879
0x6caebf64ed3dcdf938e95e42c734c64c0218a566,0x829dbdfeb7b74bb1e2625ee8c0f8d5413b320c53,7000000000000000000
0x64ee871cf739b8335c9e0526758d83e7186f9a4f,0x829dbdfeb7b74bb1e2625ee8c0f8d5413b320c53,46864262922063981903
0xbdb47bf613e4aa4e77ec6b99dbcf42c3ef004e9d,0x829dbdfeb7b74bb1e2625ee8c0f8d5413b320c53,1023564847592421566
0x688fc891de3693eb132ed052fea9acc345a3d465,0x829dbdfeb7b74bb1e2625ee8c0f8d5413b320c53,500000926243199366923
0xa13d81bc57f80fff1de8dd5519067cac73976aa1,0x829dbdfeb7b74bb1e2625ee8c0f8d5413b320c53,682332911877518949292
0x68cb9718f50dc79ed9981676a8bc54d6311e3723,0x829dbdfeb7b74bb1e2625ee8c0f8d5413b320c53,495600948868115936435
0xfe7bc840c39e028096857dcc0e57f0452185f1be,0x829dbdfeb7b74bb1e2625ee8c0f8d5413b320c53,2200000000000000000
0x2b51924126ab44c7f01215d3c96870939e2883e5,0x829dbdfeb7b74bb1e2625ee8c0f8d5413b320c53,13500000000000000000
0xed6f59f633a30198ff2ec6fbb657e484c38eee8c,0x829dbdfeb7b74bb1e2625ee8c0f8d5413b320c53,101631154204508783751
0x53d71b83cff896357df29017349f3f6abdb19b9e,0x829dbdfeb7b74bb1e2625ee8c0f8d5413b320c53,100999266547894043404
0x3cbaedaf32cee5ea5dd816043996001208e84a9a,0x829dbdfeb7b74bb1e2625ee8c0f8d5413b320c53,643082896793715827022
0x3b07f148a87a274164ecff5e5c07e9334983acfd,0x829dbdfeb7b74bb1e2625ee8c0f8d5413b320c53,1000000000000000000
0x083e67b0720a85833d72718c13bd1d796ce025e9,0x829dbdfeb7b74bb1e2625ee8c0f8d5413b320c53,335000000000000000000
0x53156ba1b89462354248b0cceb94a269fbc5bce4,0x829dbdfeb7b74bb1e2625ee8c0f8d5413b320c53,450000000000000000000
0xf2bf606cc36fbb475051b2645355cc91533e5eac,0x829dbdfeb7b74bb1e2625ee8c0f8d5413b320c53,500000000000000000000
0x51537aa86a5df5c19437d9e7c9233f08b83c9330,0x829dbdfeb7b74bb1e2625ee8c0f8d5413b320c53,20000000000000000000
0x45c99df223374909b2b90e6f860d78272a3f6c14,0x829dbdfeb7b74bb1e2625ee8c0f8d5413b320c53,10000000000000000000
0x368017311cf8acb3fe351191abb6ac2f924c960e,0x829dbdfeb7b74bb1e2625ee8c0f8d5413b320c53,10000000000000000000
0x7c283a6be16530cec693e5db604fa517deaa05d7,0x829dbdfeb7b74bb1e2625ee8c0f8d5413b320c53,10000000000000000000
0x6c26f0b7344ae5fe20e888cf82cfd7d6224e8294,0x829dbdfeb7b74bb1e2625ee8c0f8d5413b320c53,800000000000000000000
0x80016bc0520556073ac1c667349e14a97c0b2e4d,0x829dbdfeb7b74bb1e2625ee8c0f8d5413b320c53,52100290442727539837
0xe0ee5e6476e8cc220444489927b2a390170ea33b,0x829dbdfeb7b74bb1e2625ee8c0f8d5413b320c53,1100000000000000000
0x88c70426114bad532ae7549e10574ea32420c776,0x829dbdfeb7b74bb1e2625ee8c0f8d5413b320c53,104898627590573557482
0x5a4fe0b0392df1683421471a8f1e28a68f803c5c,0x829dbdfeb7b74bb1e2625ee8c0f8d5413b320c53,1917683736099211243426
0x656f6e2c30e504bc264165912cbce114de6db4f5,0x829dbdfeb7b74bb1e2625ee8c0f8d5413b320c53,20000000000000000000
0xc469de0af1760dbd5bc62b05e80a19322e26cad2,0x829dbdfeb7b74bb1e2625ee8c0f8d5413b320c53,4100000000000000000000
0x667dfdf7b2a0c574d959d6d78c7164bc4ec0652b,0x829dbdfeb7b74bb1e2625ee8c0f8d5413b320c53,1525260208101718715
0x47cc0321f055350976ad1b22a831f5dd4d67fe90,0x829dbdfeb7b74bb1e2625ee8c0f8d5413b320c53,85046843429248544375
0x81b11971f72a75aff63ec0c77dff83b1699615a0,0x829dbdfeb7b74bb1e2625ee8c0f8d5413b320c53,425360521313031436423
0xf98f5bc4d24834898c562457ab84d4919c5ac613,0x829dbdfeb7b74bb1e2625ee8c0f8d5413b320c53,30000000000000000000
0xe693afd67103d5e870b3317caee542485423b797,0x829dbdfeb7b74bb1e2625ee8c0f8d5413b320c53,100000000000000000000
0xbcc6359c85ce54ab4da13286f2d5dca1502153a5,0x829dbdfeb7b74bb1e2625ee8c0f8d5413b320c53,30000000000000000000
0x1e9460c846eb4b560714fec689d7aa299f2d1748,0x829dbdfeb7b74bb1e2625ee8c0f8d5413b320c53,2036431361968354244
0xb0f3efd270023b5c4cdf311e01a0d5611ce66afb,0x829dbdfeb7b74bb1e2625ee8c0f8d5413b320c53,100000000000000000000
0x7780cf3effc51853e8212cb01c4b9f5914f16bde,0x829dbdfeb7b74bb1e2625ee8c0f8d5413b320c53,201000000000000000000
0xb16eef6bfcb9efcc9ec93f2971bb72084c93a190,0x829dbdfeb7b74bb1e2625ee8c0f8d5413b320c53,50000000000000000000
0x1d4f8ac92e537de98d82716b59a409797a0beaaa,0x829dbdfeb7b74bb1e2625ee8c0f8d5413b320c53,20472582978273268524
0xacf761d6e8f702fae252c2e294306ee4a5dddf4b,0x829dbdfeb7b74bb1e2625ee8c0f8d5413b320c53,47113214439602977177680
0xf478e54f3674f1b07d4f051b55bf34dbaa7d2a12,0x829dbdfeb7b74bb1e2625ee8c0f8d5413b320c53,56515899000000000000
0xd3d1c52d629c4e0f50f3e0fe9b1160518f5b2b71,0x829dbdfeb7b74bb1e2625ee8c0f8d5413b320c53,12237064578133310000
0x4373ab533efeccb8d7223f2ee1403f60b864ef1c,0x829dbdfeb7b74bb1e2625ee8c0f8d5413b320c53,10078591322988009376687
0x46c866caf5a718ab3ef9096ca437df8843ee3d8e,0x829dbdfeb7b74bb1e2625ee8c0f8d5413b320c53,27256538181803996691302
0x28083cad48d28e291bfab514d2af41543f043807,0x829dbdfeb7b74bb1e2625ee8c0f8d5413b320c53,522106928116135547629
0x4a26fe89750d75134cdb71683b1adc9a3917d1e5,0x829dbdfeb7b74bb1e2625ee8c0f8d5413b320c53,122109311196209508915
0xd39706a0253c3e4719eed39408dae46b9524dbec,0x829dbdfeb7b74bb1e2625ee8c0f8d5413b320c53,115400000000000000000000
0x82ad7e618ce91dca031e372e2dc26429627dbfe7,0x829dbdfeb7b74bb1e2625ee8c0f8d5413b320c53,200000000000000000000
0x7d810bbbf977aa6b7125da21ba669dd55ba02a39,0x829dbdfeb7b74bb1e2625ee8c0f8d5413b320c53,338050625167248268009
0x738ea62b1795229d0727dccb82d2f7d155cf7acc,0x829dbdfeb7b74bb1e2625ee8c0f8d5413b320c53,92000000000000000000
0xf76b17f1f8ef6e6c40a2f6590d9a0ebdd2f94429,0x829dbdfeb7b74bb1e2625ee8c0f8d5413b320c53,799999029515003373813
0xf9cf42f027df8a63d7c47c78f9b5250bf3fc8456,0x829dbdfeb7b74bb1e2625ee8c0f8d5413b320c53,2000000000000000000
0x5f7e141c2687ea8c062c12a58e77b421dd451091,0x829dbdfeb7b74bb1e2625ee8c0f8d5413b320c53,2000000000000000000
0x8eadc54e9aa64964e230dc5159b0a7743a925737,0x829dbdfeb7b74bb1e2625ee8c0f8d5413b320c53,4021387307679537734246
0xf64eb4cf36e44026d66142e2d7011c7684fcd8e5,0x829dbdfeb7b74bb1e2625ee8c0f8d5413b320c53,100000000000000000000
0x3c77c71e8f7f9761711b311c8534ca59de6d2983,0x829dbdfeb7b74bb1e2625ee8c0f8d5413b320c53,286069988697304472648
0x650feda671405c3416b3b03e2923b656945545b5,0x829dbdfeb7b74bb1e2625ee8c0f8d5413b320c53,103560476697522048004
0x6b49e749eecba95d6f0b0a22003a554f7dd29090,0x829dbdfeb7b74bb1e2625ee8c0f8d5413b320c53,350000000000000000000
0x63d1a31f532743bbfa57c75c88a96eabf34719cc,0x829dbdfeb7b74bb1e2625ee8c0f8d5413b320c53,1465277930975103758730
0x1721b27f20ae7f3db4b46d6d393cfc87527f7026,0x829dbdfeb7b74bb1e2625ee8c0f8d5413b320c53,1694951290627420291872
0x42000b6b40e93bb02f045e7c071a9c4a3c44140f,0x829dbdfeb7b74bb1e2625ee8c0f8d5413b320c53,15666000113749208775
0xc2782fb5a46fbecb0958f474414256acd46eab34,0x829dbdfeb7b74bb1e2625ee8c0f8d5413b320c53,5374932477294373739694
0xb0aa09d37be47e647b7020e47b826093cfdc7e96,0x829dbdfeb7b74bb1e2625ee8c0f8d5413b320c53,10000000000000000000000
0xfc44c6a99cb1fc8f2cba14a097c33f450c3712ba,0x829dbdfeb7b74bb1e2625ee8c0f8d5413b320c53,6043054374523547415518
0x105d2828b62ba189860424df3bee97e2e4b42302,0x829dbdfeb7b74bb1e2625ee8c0f8d5413b320c53,100368617275442773254
0xe6249673cbc4310707970f6dd870c1fbafe9e53f,0x829dbdfeb7b74bb1e2625ee8c0f8d5413b320c53,1000000000000000000
0x0b2c9c5e656409c521e977679ebb9cbb6d7175ea,0x829dbdfeb7b74bb1e2625ee8c0f8d5413b320c53,6000000000000000000000
0x8ac8197b83951ae99c2eadbd82c36818aac53b76,0x829dbdfeb7b74bb1e2625ee8c0f8d5413b320c53,940000000000000000000
0x0f8dfce8fff06680c903ee445fd10cf752f58948,0x829dbdfeb7b74bb1e2625ee8c0f8d5413b320c53,10286630883147931920
0x4e8a886d3cd64a220d8fcaf483c5312bb9be99fa,0x829dbdfeb7b74bb1e2625ee8c0f8d5413b320c53,5000000000000000000
0xc1a59b8335b1dfe339a90c1b5a49166c6847dcce,0x829dbdfeb7b74bb1e2625ee8c0f8d5413b320c53,180266441792252876716
0x1dcf0386cca29f9ab496c6d62e6f17da990eaec5,0x829dbdfeb7b74bb1e2625ee8c0f8d5413b320c53,10000000000000000000
0x798504e342be52ab34de1c2fc0b26e6a254d4f18,0x829dbdfeb7b74bb1e2625ee8c0f8d5413b320c53,148323966779430122932
0xa332766820919a580af0f5b3b7c0df864d682bc1,0x829dbdfeb7b74bb1e2625ee8c0f8d5413b320c53,6461698261512484739
0x755408cceb9994e715a7621612dd3bcf0210ea88,0x829dbdfeb7b74bb1e2625ee8c0f8d5413b320c53,343118288432010588774
0xb7091cd8eaaec578593419305e2c0bb2ccf583be,0x829dbdfeb7b74bb1e2625ee8c0f8d5413b320c53,332998436312567525093
0x93666dd6018fe3ac0cb18ff283dc6d4d66aaac3b,0x829dbdfeb7b74bb1e2625ee8c0f8d5413b320c53,121259916974175661230
0xeb6576565e86e342f20982bcc0270f91ff4f76eb,0x829dbdfeb7b74bb1e2625ee8c0f8d5413b320c53,112113711415125282587
0xb04a2ccb1ffed9a2acfa6b36fa7a31f9e6f739a9,0x829dbdfeb7b74bb1e2625ee8c0f8d5413b320c53,106066815433040846145
0x69b331e047b4ea7fc5319263d3b44ff2165eb885,0x829dbdfeb7b74bb1e2625ee8c0f8d5413b320c53,103074026057559593393
0xa8e1b09d2ecd3095804711de4ccecaa1e088e429,0x829dbdfeb7b74bb1e2625ee8c0f8d5413b320c53,100000000000000000000
0xac92ff7a7df85642d0f8e74a19868a5cbcb365aa,0x829dbdfeb7b74bb1e2625ee8c0f8d5413b320c53,102398189591176592610
0x9dd75bf45d18d91890ae60bab7461a16e180f3ed,0x829dbdfeb7b74bb1e2625ee8c0f8d5413b320c53,1010000000000000000
0xe8dde2ad0c7ac5ba42deaa36658c0b3c3901803a,0x829dbdfeb7b74bb1e2625ee8c0f8d5413b320c53,2111607609298794958516
0x67c37e42f5493a7b381fdca98bc5ca7ed063293f,0x829dbdfeb7b74bb1e2625ee8c0f8d5413b320c53,57973031259806545259
0x5468dc442f5fb4eaad8f1325f212f9d6512cea25,0x829dbdfeb7b74bb1e2625ee8c0f8d5413b320c53,400000000000000000000
0x26ec7b0df172bcae3ce38335a43c5cb9cd739a26,0x829dbdfeb7b74bb1e2625ee8c0f8d5413b320c53,7842600000000000000000
0x105014c93504dc1a4ba78f93a6ece7cc94c863a4,0x829dbdfeb7b74bb1e2625ee8c0f8d5413b320c53,4337947554132532659462
0x7c69b1e78e2ce493f9b33e523df2864873beb1e4,0x829dbdfeb7b74bb1e2625ee8c0f8d5413b320c53,67960613172064148169
0x5ec1a5b6e891b56be88f7c5e9a0b3ed1e0ad1d6a,0x829dbdfeb7b74bb1e2625ee8c0f8d5413b320c53,343919023727573917741
0x822004a60edc8ef693fe16351c729edd95a2749b,0x829dbdfeb7b74bb1e2625ee8c0f8d5413b320c53,50000000000000000000
0xf38c07292e2bc9e06aa55d0233084e7b9672c236,0x829dbdfeb7b74bb1e2625ee8c0f8d5413b320c53,5000000000000000000
0xccd5b43c73f1ddc878ea88118a3538f2ae8f92b7,0x829dbdfeb7b74bb1e2625ee8c0f8d5413b320c53,1999000000000000000000
0x5d3c50b4a75981134554a6ac352f58d09daaa253,0x829dbdfeb7b74bb1e2625ee8c0f8d5413b320c53,50000000000000000000
0x50a4471ff3ba4c6fd4c3490e318202e40a839533,0x829dbdfeb7b74bb1e2625ee8c0f8d5413b320c53,572306100000000000000
0x18495254ae03f09e0ea0da3c06ffdd87a767fed9,0x829dbdfeb7b74bb1e2625ee8c0f8d5413b320c53,552599155645013356165
0xd46fe3d7ae2cb3ff3dcbd27767e4f9d87b180023,0x829dbdfeb7b74bb1e2625ee8c0f8d5413b320c53,350006690414226196995
0x1c811d69075d081392953945f57fccd820d830e8,0x829dbdfeb7b74bb1e2625ee8c0f8d5413b320c53,489658194593108128165
0x2291beafc700c9805ae9f54df2694d72f7485806,0x829dbdfeb7b74bb1e2625ee8c0f8d5413b320c53,591049325199669256672
0x46b2aa5b8a64adc2636d453539434bb7c881af06,0x829dbdfeb7b74bb1e2625ee8c0f8d5413b320c53,700000000000000000000
0x4a4f1981b9a767ac800a4af14a8ca1d4ba7e566a,0x829dbdfeb7b74bb1e2625ee8c0f8d5413b320c53,50000000000000000000
0xa44de41b2a83ae9cf59cd375b95bc1cf004d0c90,0x829dbdfeb7b74bb1e2625ee8c0f8d5413b320c53,4585676614115011600630
0x73f387790bfe3eea8d260f102f53ae879a76560a,0x829dbdfeb7b74bb1e2625ee8c0f8d5413b320c53,240000000000000000000
0x1d40bb2a9bf5a9e0c2b0cb24387899987953d593,0x829dbdfeb7b74bb1e2625ee8c0f8d5413b320c53,100000000000000000000
0x3d8575e9d2b984a5c7163c012533333e28446332,0x829dbdfeb7b74bb1e2625ee8c0f8d5413b320c53,333330000000000000000
0xf3c50eab250aa38d19a4df009079450ba5c0aabf,0x829dbdfeb7b74bb1e2625ee8c0f8d5413b320c53,5000000000000000000
0xe77928dc8e61dd02db98a9ec59a22cc6923fcc7e,0x829dbdfeb7b74bb1e2625ee8c0f8d5413b320c53,1001000000000000000000
0x2cd15b5885947aa91543f0d9934bd9374a65ea7f,0x829dbdfeb7b74bb1e2625ee8c0f8d5413b320c53,1000000000000000000000
0x8811bd0ee3e61cd3b2d8a39d1f071555ca5c4a1d,0x829dbdfeb7b74bb1e2625ee8c0f8d5413b320c53,2017000000000000000000
0x11ec9825e87f185d8004253238b6a6a4df7cc8bd,0x829dbdfeb7b74bb1e2625ee8c0f8d5413b320c53,1000000000000000000000
0x89c2dfcc6103968344179c8e230806b21da8f9d8,0x829dbdfeb7b74bb1e2625ee8c0f8d5413b320c53,1000000000000000000000
0x76a1fd406c9122cc9d94ac4083709dfdccb2e646,0x829dbdfeb7b74bb1e2625ee8c0f8d5413b320c53,1000000000000000000000
0x73c1b459670c7fde8130959b498bb9fcd4d5d907,0x829dbdfeb7b74bb1e2625ee8c0f8d5413b320c53,10000000000000000000
0xe8164f2e81e44764f14344bfd52d84caa3ee9912,0x829dbdfeb7b74bb1e2625ee8c0f8d5413b320c53,1000000000000000000000
0xb25353525ac9a83b04a855e4b36526df999e7702,0x829dbdfeb7b74bb1e2625ee8c0f8d5413b320c53,1500276090616909966100
0x97e828d07d21c2626fce0a24236f72db5fedaad5,0x829dbdfeb7b74bb1e2625ee8c0f8d5413b320c53,3000000000000000000000
0x54fcbf6b3b106cd0ad9f2f2fa2a1eeedbd15852f,0x829dbdfeb7b74bb1e2625ee8c0f8d5413b320c53,10000000000000000000000
0x796354d8b80353203878f7366b6aa3be16a6c66b,0x829dbdfeb7b74bb1e2625ee8c0f8d5413b320c53,1309000000000000000000
0xbe15eec5177f06d02280b3a22977a9549945fba3,0x829dbdfeb7b74bb1e2625ee8c0f8d5413b320c53,980999406794291340033
0x018cc4af7a9442aae70f64bd6f44941c7718b4f7,0x829dbdfeb7b74bb1e2625ee8c0f8d5413b320c53,698000000000000000000
0x9d974166b1c521d93a49b769143fc6b5f19b61c8,0x829dbdfeb7b74bb1e2625ee8c0f8d5413b320c53,333100000000000000000
0x6b2c9d575165a56c6d27c72bdd1d0019fc64c352,0x829dbdfeb7b74bb1e2625ee8c0f8d5413b320c53,5200000000000000000000
0xe5fad7677c22250be69f2b77ca7a251f3d0e7df3,0x829dbdfeb7b74bb1e2625ee8c0f8d5413b320c53,7642076665389429297048
0x4914058fbb0b8f11c7bbc6d00a7ee9318a704b2a,0x829dbdfeb7b74bb1e2625ee8c0f8d5413b320c53,1582047689446448773581
0xcffb960c42f20314904e281bfb76c5ac9fbff2a9,0x829dbdfeb7b74bb1e2625ee8c0f8d5413b320c53,51500000000000000000
0x0c5c815ac0384ac94c0383b83f5b7542bff6be5e,0x829dbdfeb7b74bb1e2625ee8c0f8d5413b320c53,100000000000000000000
0x9f36d6c4758295ced4d3435d383e0bf7bfbe83ca,0x829dbdfeb7b74bb1e2625ee8c0f8d5413b320c53,1000000000000000000000
0xc058186e0d1d20d0d02f0a338737b2672a1ba848,0x829dbdfeb7b74bb1e2625ee8c0f8d5413b320c53,225006270976702794943
0x67ef015da7fe1f8b0ce4f28f131b59b73f416f03,0x829dbdfeb7b74bb1e2625ee8c0f8d5413b320c53,2897995900790510693
0x475a446476b986c6e7446252a73c6ccb7857afcf,0x829dbdfeb7b74bb1e2625ee8c0f8d5413b320c53,13559933674103337481081
0xd1a0158b60ef8d6b6bc34ba1812782751bde17db,0x829dbdfeb7b74bb1e2625ee8c0f8d5413b320c53,342563040249078521087
0xec538f26e6ef943d3e9bb05f68ecdd67b26ab39f,0x829dbdfeb7b74bb1e2625ee8c0f8d5413b320c53,465000000000000000000
0x79c8f0136a9ff1dbe3d40988d4b72050be09bd2e,0x829dbdfeb7b74bb1e2625ee8c0f8d5413b320c53,81871053229452878075
0x40da0d93ba55f56879a0f6f328733e4f67d40f6b,0x829dbdfeb7b74bb1e2625ee8c0f8d5413b320c53,20000000000000000000
0x4180df94913b25ba7fb6d20a5d87c33055104726,0x829dbdfeb7b74bb1e2625ee8c0f8d5413b320c53,1000925180038786319011
0x30f5032beb3529b3f026aad87c62f8fdb1ffeeb0,0x829dbdfeb7b74bb1e2625ee8c0f8d5413b320c53,1000000000000000000
0x34d8c2e37a2f514ff8362e50475c8d065efd58e9,0x829dbdfeb7b74bb1e2625ee8c0f8d5413b320c53,7000000000000000000
0xb9a42ed2c5912cf761f231416fe4990d938ab12a,0x829dbdfeb7b74bb1e2625ee8c0f8d5413b320c53,1000000000000000000000
0x483d0b09e7a26def0631dfb7ea2ec4627d6dc659,0x829dbdfeb7b74bb1e2625ee8c0f8d5413b320c53,1604172786587291287784
0x53ba58129c4a08572c3e0a5f3fcffc0a833689dd,0x829dbdfeb7b74bb1e2625ee8c0f8d5413b320c53,699996801227210027382
0x4ffbe252607dfb6a5a38e4ae4647185fc20a29d6,0x829dbdfeb7b74bb1e2625ee8c0f8d5413b320c53,1000000000000000000000
0x1770196be9edccb41b697dd560b3c313c747659b,0x829dbdfeb7b74bb1e2625ee8c0f8d5413b320c53,777770000000000000000
0x976f7ac0909cc54f51156b57ec3d491a7a7db558,0x829dbdfeb7b74bb1e2625ee8c0f8d5413b320c53,1000000000000000000
0x70f55acc9d951532f944a29bcaf9b61ca4af1727,0x829dbdfeb7b74bb1e2625ee8c0f8d5413b320c53,2000000000000000413610
0x231a0bf90ee4a04d22bc3e89dd103a332ba4aef1,0x829dbdfeb7b74bb1e2625ee8c0f8d5413b320c53,2377324384877061998550
0x97eec94c60800ce025c8c148b6d887fbb9476172,0x829dbdfeb7b74bb1e2625ee8c0f8d5413b320c53,108185644578913059471
0x59752af80650893bb612db227dabf26f9b433935,0x829dbdfeb7b74bb1e2625ee8c0f8d5413b320c53,430000000000000000000
0x029a198a3e5fc1f3ae526f9dea6a3b90a4da6bd5,0x829dbdfeb7b74bb1e2625ee8c0f8d5413b320c53,389510144906919925113
0x57857414a23fc77f83e41c41a63305a98561d547,0x829dbdfeb7b74bb1e2625ee8c0f8d5413b320c53,3725300000000000000000
0x2bcde9e8c530fa4f6024c7421e1054c16e9badee,0x829dbdfeb7b74bb1e2625ee8c0f8d5413b320c53,35267296235253534790
0x0d832029fe6b4a00f12bd7812552a90446f55f45,0x829dbdfeb7b74bb1e2625ee8c0f8d5413b320c53,1005150937637177603294
0x1dda14e4fbc312404dff4c07448697a2fd8e6abd,0x829dbdfeb7b74bb1e2625ee8c0f8d5413b320c53,1000000000000000000000
0xdd1455b0c8aeb620bc2337705367ccae60162583,0x829dbdfeb7b74bb1e2625ee8c0f8d5413b320c53,70000000000000000000
0x30017c5303b300eef85d2b2459b3f281877798d4,0x829dbdfeb7b74bb1e2625ee8c0f8d5413b320c53,1000000000000030529
0x8a33b35668eaf8e099ced796105bd81859776d87,0x829dbdfeb7b74bb1e2625ee8c0f8d5413b320c53,50330313161853871555
0x5fddaa45737a7a3cdd125af3880e39697c93356c,0x829dbdfeb7b74bb1e2625ee8c0f8d5413b320c53,20000000000000000000
0xc575c0785cbb24f0b88a804445b060393fa8ad3e,0x829dbdfeb7b74bb1e2625ee8c0f8d5413b320c53,1964211863644272622
0xc723fdb4ec45124b27ed33ed67ec1b77c780c025,0x829dbdfeb7b74bb1e2625ee8c0f8d5413b320c53,20822665322520761065
0xeda1e5a0fd1b0fdd18b7e39a9127b7244174f769,0x829dbdfeb7b74bb1e2625ee8c0f8d5413b320c53,356000000000000000000
0xfe91a7d497341b3707b4e378b336759e8f6cb5d4,0x829dbdfeb7b74bb1e2625ee8c0f8d5413b320c53,100000000000000000000
0x76f27f3739df14fb6bb6f69e7cc8246565fbeced,0x829dbdfeb7b74bb1e2625ee8c0f8d5413b320c53,1000000000000000000
0xd2d43d5f6e1bc0b429e19b6975bd844340319b7c,0x829dbdfeb7b74bb1e2625ee8c0f8d5413b320c53,26756778854807358057105
0xcc713b1421ecb1f16fe56381dbfc3fc551c8e251,0x829dbdfeb7b74bb1e2625ee8c0f8d5413b320c53,51000000000000000000
0x802c284ae40b74258baf60244368b7c5977d2ffd,0x829dbdfeb7b74bb1e2625ee8c0f8d5413b320c53,309000000000000000000
0x288f549db0f76140112f1fd52916a02c027bbaff,0x829dbdfeb7b74bb1e2625ee8c0f8d5413b320c53,30000000000000000000000
0xb76187311418dcfc1eabd55a0e3bc575ea0dffed,0x829dbdfeb7b74bb1e2625ee8c0f8d5413b320c53,3200041635167753097356
0xf123adcd537dc6970fa41d90ba77487df1bccd7c,0x829dbdfeb7b74bb1e2625ee8c0f8d5413b320c53,333025190805208355256
0xe7fcd3291efcd9146635ab1414bcc1d76aa25290,0x829dbdfeb7b74bb1e2625ee8c0f8d5413b320c53,13236717150280434998168
0x2cc9722e6f32d85ba7dc98b208f357328b6f7cbe,0x829dbdfeb7b74bb1e2625ee8c0f8d5413b320c53,3000000000000000000
0xc04555cc159b0d2bec7a7d0ca69bca10af1dbf71,0x829dbdfeb7b74bb1e2625ee8c0f8d5413b320c53,150000000000000000000
0xe2c76e353c1c8596199a782c0b7488cb77553b81,0x829dbdfeb7b74bb1e2625ee8c0f8d5413b320c53,10000000000000000000
0x3eb3fae74d86a4af48e39b402cbf34f3be8a3052,0x829dbdfeb7b74bb1e2625ee8c0f8d5413b320c53,1000000000000000000000
0xc638d2ee569d8b641f73712c42bb68548fd02df2,0x829dbdfeb7b74bb1e2625ee8c0f8d5413b320c53,2096989520816210302996
0x144ec2596f7f721b295b07a1941cbb9f3902dcc5,0x829dbdfeb7b74bb1e2625ee8c0f8d5413b320c53,5010000000000000000
0x35b0d749adf3b235acadf00877351d7177037493,0x829dbdfeb7b74bb1e2625ee8c0f8d5413b320c53,1256041220528861346497
0xfde81b3e31b8550aca6a017cc9362ca964fb42bf,0x829dbdfeb7b74bb1e2625ee8c0f8d5413b320c53,10000000000000000000
0x0f7e30a0acee0471d711d9742da19bfd0e9f89c7,0x829dbdfeb7b74bb1e2625ee8c0f8d5413b320c53,15537002048772058111
0x729ddcb80e3977d3d128c7f12a7bb97bcc39cb02,0x829dbdfeb7b74bb1e2625ee8c0f8d5413b320c53,4510652122476616085
0x87df82e38aa61e7e1065aff8e85a285d59937779,0x829dbdfeb7b74bb1e2625ee8c0f8d5413b320c53,108000000000000000000
0x9b864ea28905095632803ec1d48cfcfa94e59503,0x829dbdfeb7b74bb1e2625ee8c0f8d5413b320c53,10000000000000000000
0x5ad5c5c178300ef5004a16bebadaa1d58bb6dfc0,0x829dbdfeb7b74bb1e2625ee8c0f8d5413b320c53,617485549453745317978
0x38e35b627ed71ea1ceb56d18552beb55bf4b39bf,0x829dbdfeb7b74bb1e2625ee8c0f8d5413b320c53,1263838783656966296533
0x6f68e314140ce03bde92bb3e450dad84602ab3dd,0x829dbdfeb7b74bb1e2625ee8c0f8d5413b320c53,150000000000000000000
0x4888183e46a34ec339b441108da534bbd3913939,0x829dbdfeb7b74bb1e2625ee8c0f8d5413b320c53,1000000000000000000
0x7edc5428e0772981efe211bad2482fa236436cc6,0x829dbdfeb7b74bb1e2625ee8c0f8d5413b320c53,6462582853226960456
0x5ced8a6cc7b82f0a8c477cf18579d0bcb1621927,0x829dbdfeb7b74bb1e2625ee8c0f8d5413b320c53,7275789041939899809360
0x1e7494be88a59359462fceec6ff8763af2cb6515,0x829dbdfeb7b74bb1e2625ee8c0f8d5413b320c53,12164808827700225879
0xfd37a384710f3f25be046d1dd158dbf089fd3a63,0x829dbdfeb7b74bb1e2625ee8c0f8d5413b320c53,1000000000000000000
0x51e796737cdc71fb55d16ac8e857d49f2156cda1,0x829dbdfeb7b74bb1e2625ee8c0f8d5413b320c53,700000000000000000000
0xd020f204617189807aed345d933f72d1d5c1210f,0x829dbdfeb7b74bb1e2625ee8c0f8d5413b320c53,412000000000000000000
0x7989a47a7abc2baef635190ba1fb0e6fcb792639,0x829dbdfeb7b74bb1e2625ee8c0f8d5413b320c53,5000000000000000000
0x97f3daf17eae15ead22eeae4300a64b0186fcda6,0x829dbdfeb7b74bb1e2625ee8c0f8d5413b320c53,1500000000000000000
0x3ea13704458d9d90957e5c3aea670c00f9e96e2b,0x829dbdfeb7b74bb1e2625ee8c0f8d5413b320c53,333000000000000000000
0x69adadf6e67a4b890a89a9e505ecb63992af4981,0x829dbdfeb7b74bb1e2625ee8c0f8d5413b320c53,10000000000000000000000
0x23238f4c1a2f0c8e8802de8f5d69dcc8be5fb96e,0x829dbdfeb7b74bb1e2625ee8c0f8d5413b320c53,350000000000000000000
0xc76acd6cf25a98005658963449ec1de205bb3066,0x829dbdfeb7b74bb1e2625ee8c0f8d5413b320c53,335374662697717438419
0xa9f34ab6c0655111557a5f0aa43126be44d414e4,0x829dbdfeb7b74bb1e2625ee8c0f8d5413b320c53,3975000000809899799798598
